prize_name,image_url,irl
Mad Meerkat Degen #4368,,
Troopr #8,,
Green Bananna ,,
Chimp #6375,,
Mutantz 15 (Golden),,
Boomer Squad #767,,
Boomer Squad #2966,,
Boomer Squad #4046,,
Boomer Squad #4045,,
,,
Marble #6562,,
Sexy Sea Cow #314,,
Sexy Sea Cow #230,,
Sexy Sea Cow #232,,
Mutantz 1659,,
Mutantz 1719,,
Mutantz 1717,,
Mutantz 1491,,
Looneycorn #1418,,
Looneycorn #1247,,
Looneycorn #936,,
Looneycorn #600,,
Bag of CRO,,
Bag of CRO,,
Bag of CRO,,
Bag of CRO,,
Bag of CRO,,
Apple iPAD + Pencil ,,
Trooprz Blk Label Hoodie,,
Trooprz Blk Label Hoodie,,
Trooprz Blk Label Hoodie,,
Trooprz Blk Label Hoodie,,
Custom Pixel Troopr ,,
Custom Pixel Troopr ,,
Nugget of Alluvial Gold,,
Bag of $TRPZ,,
Bag of $TRPZ,,
Bag of $TRPZ,,
Bag of $TRPZ,,
Bag of $TRPZ,,
Bag of $TRPZ,,
Bag of $TRPZ,,
Bag of $TRPZ,,
Bag of $TRPZ,,
Bag of $TRPZ,,
Bag of $TRPZ,,
Bag of $TRPZ,,
Bag of $TRPZ,,
Bag of $TRPZ,,
Bag of $TRPZ,,
Bag of CRO,,
Bag of CRO,,
Bag of CRO,,
Bag of CRO,,
Bag of CRO,,
Bag of CRO,,
Bag of CRO,,
Bag of CRO,,
Bag of CRO,,
Bag of CRO,,
OG Trooprz,,
OG Trooprz,,
OG Trooprz,,
OG Trooprz,,
OG Trooprz,,
OG Trooprz,,
OG Trooprz,,
OG Trooprz,,
OG Trooprz,,
OG Trooprz,,
OG Trooprz,,
OG Trooprz,,
OG Trooprz,,
OG Trooprz,,
OG Trooprz,,
OG Trooprz,,
OG Trooprz,,
OG Trooprz,,
OG Trooprz,,
OG Trooprz,,
OG Trooprz,,
OG Trooprz,,
OG Trooprz,,
OG Trooprz,,
OG Trooprz,,
,,
,,
,,
,,
,,
,,
,,
,,
,,
,,
,,
,,
,,
,,
,,
Skillz by Troopz,,
Skillz by Troopz,,
Skillz by Troopz,,
Skillz by Troopz,,
Skillz by Troopz,,
Skillz by Troopz,,
Skillz by Troopz,,
Skillz by Troopz,,
Skillz by Troopz,,
Skillz by Troopz,,
Skillz by Troopz,,
Skillz by Troopz,,
Skillz by Troopz,,
Skillz by Troopz,,
Skillz by Troopz,,
Skillz by Troopz,,
Skillz by Troopz,,
Skillz by Troopz,,
Skillz by Troopz,,
Skillz by Troopz,,
Skillz by Troopz,,
Skillz by Troopz,,
Skillz by Troopz,,
Skillz by Troopz,,
Skillz by Troopz,,
Skillz by Troopz,,
Skillz by Troopz,,
Skillz by Troopz,,
Skillz by Troopz,,
Skillz by Troopz,,
Skillz by Troopz,,
Skillz by Troopz,,
Skillz by Troopz,,
Skillz by Troopz,,
Skillz by Troopz,,
Skillz by Troopz,,
Skillz by Troopz,,
Skillz by Troopz,,
Skillz by Troopz,,
Skillz by Troopz,,
Skillz by Troopz,,
Skillz by Troopz,,
Skillz by Troopz,,
Skillz by Troopz,,
Skillz by Troopz,,
Skillz by Troopz,,
Skillz by Troopz,,
Skillz by Troopz,,
Skillz by Troopz,,
Skillz by Troopz,,
Sketchz by Troopz,,
Sketchz by Troopz,,
Sketchz by Troopz,,
Sketchz by Troopz,,
Sketchz by Troopz,,
Sketchz by Troopz,,
Sketchz by Troopz,,
Sketchz by Troopz,,
Sketchz by Troopz,,
Sketchz by Troopz,,
Sketchz by Troopz,,
Sketchz by Troopz,,
Sketchz by Troopz,,
Sketchz by Troopz,,
Sketchz by Troopz,,
Sketchz by Troopz,,
Sketchz by Troopz,,
Sketchz by Troopz,,
Sketchz by Troopz,,
Sketchz by Troopz,,
Sketchz by Troopz,,
Sketchz by Troopz,,
Sketchz by Troopz,,
Sketchz by Troopz,,
Sketchz by Troopz,,
Sketchz by Troopz,,
Sketchz by Troopz,,
Sketchz by Troopz,,
Sketchz by Troopz,,
Sketchz by Troopz,,
Sketchz by Troopz,,
Sketchz by Troopz,,
Sketchz by Troopz,,
Sketchz by Troopz,,
Sketchz by Troopz,,
Sketchz by Troopz,,
Sketchz by Troopz,,
Sketchz by Troopz,,
Sketchz by Troopz,,
Sketchz by Troopz,,
Sketchz by Troopz,,
Sketchz by Troopz,,
Sketchz by Troopz,,
Sketchz by Troopz,,
Sketchz by Troopz,,
Sketchz by Troopz,,
Sketchz by Troopz,,
Sketchz by Troopz,,
Sketchz by Troopz,,
Sketchz by Troopz,,